n_year,migrants_arrived,boats_arrived,migrants_per_boat,migrants_per_boat_round
2018,299,43,6.953488372093023,7
2019,1843,164,11.237804878048781,11
2020,8462,641,13.201248049921997,13
2021,28526,1034,27.588007736943908,28
2022,45755,1110,41.22072072072072,41
2023,29437,602,48.89867109634552,49
2024,36816,695,52.9726618705036,53
2025,41472,672,61.714285714285715,62
